{"stats":{"minecraft:killed":{"minecraft:sheep":2},"minecraft:picked_up":{"minecraft:mutton":4,"minecraft:white_wool":2},"minecraft:custom":{"minecraft:time_since_rest":1978,"minecraft:blood":0,"minecraft:magic_shield":0,"minecraft:crouch_one_cm":662,"minecraft:play_time":1978,"minecraft:sprint_one_cm":1743,"minecraft:walk_one_cm":9741,"minecraft:sneak_time":42,"minecraft:mob_kills":2,"minecraft:dexterity":0,"minecraft:jump":7,"minecraft:intelligence":0,"minecraft:energy":50,"minecraft:damage_dealt":160,"minecraft:leave_game":1,"minecraft:health":70,"minecraft:time_since_death":1978,"minecraft:move_speed":0,"minecraft:strength":0,"minecraft:total_world_time":1978,"minecraft:mana":50,"minecraft:fly_one_cm":3597}},"DataVersion":3465}