{
  "minecraft:recipes/food/cooked_mutton_from_smoking": {
    "criteria": {
      "has_mutton": "2024-06-02 07:56:16 +0000"
    },
    "done": true
  },
  "valhelsia_furniture:recipes/decorations/white_mangrove_chair": {
    "criteria": {
      "has_white_wool": "2024-06-02 07:56:16 +0000"
    },
    "done": true
  },
  "valhelsia_furniture:recipes/decorations/white_upholstered_warped_stool": {
    "criteria": {
      "has_white_wool": "2024-06-02 07:56:16 +0000"
    },
    "done": true
  },
  "valhelsia_furniture:recipes/decorations/white_upholstered_cherry_chair": {
    "criteria": {
      "has_white_wool": "2024-06-02 07:56:16 +0000"
    },
    "done": true
  },
  "valhelsia_furniture:recipes/decorations/white_upholstered_mangrove_stool": {
    "criteria": {
      "has_white_wool": "2024-06-02 07:56:16 +0000"
    },
    "done": true
  },
  "minecraft:recipes/decorations/crafting_table": {
    "criteria": {
      "unlock_right_away": "2024-06-02 07:55:06 +0000"
    },
    "done": true
  },
  "valhelsia_furniture:recipes/decorations/white_upholstered_dark_oak_chair": {
    "criteria": {
      "has_white_wool": "2024-06-02 07:56:16 +0000"
    },
    "done": true
  },
  "valhelsia_furniture:recipes/decorations/white_upholstered_warped_chair": {
    "criteria": {
      "has_white_wool": "2024-06-02 07:56:16 +0000"
    },
    "done": true
  },
  "valhelsia_furniture:recipes/decorations/white_upholstered_mangrove_chair": {
    "criteria": {
      "has_white_wool": "2024-06-02 07:56:16 +0000"
    },
    "done": true
  },
  "valhelsia_furniture:recipes/decorations/white_dark_oak_chair": {
    "criteria": {
      "has_white_wool": "2024-06-02 07:56:16 +0000"
    },
    "done": true
  },
  "irons_spellbooks:grant_patchouli": {
    "criteria": {
      "tick": "2024-06-02 07:55:06 +0000"
    },
    "done": true
  },
  "iceandfire:iceandfire/root": {
    "criteria": {
      "tick": "2024-06-02 07:55:06 +0000"
    },
    "done": true
  },
  "valhelsia_furniture:recipes/decorations/white_upholstered_spruce_chair": {
    "criteria": {
      "has_white_wool": "2024-06-02 07:56:16 +0000"
    },
    "done": true
  },
  "valhelsia_structures:recipes/decorations/white_sleeping_bag": {
    "criteria": {
      "has_white_wool": "2024-06-02 07:56:16 +0000"
    },
    "done": true
  },
  "valhelsia_furniture:recipes/decorations/white_upholstered_acacia_stool": {
    "criteria": {
      "has_white_wool": "2024-06-02 07:56:16 +0000"
    },
    "done": true
  },
  "valhelsia_furniture:recipes/decorations/white_upholstered_spruce_stool": {
    "criteria": {
      "has_white_wool": "2024-06-02 07:56:16 +0000"
    },
    "done": true
  },
  "valhelsia_furniture:recipes/decorations/white_curtain": {
    "criteria": {
      "has_item": "2024-06-02 07:56:16 +0000"
    },
    "done": true
  },
  "valhelsia_furniture:recipes/decorations/white_jungle_chair": {
    "criteria": {
      "has_white_wool": "2024-06-02 07:56:16 +0000"
    },
    "done": true
  },
  "valhelsia_furniture:recipes/decorations/white_upholstered_oak_stool": {
    "criteria": {
      "has_white_wool": "2024-06-02 07:56:16 +0000"
    },
    "done": true
  },
  "minecraft:adventure/root": {
    "criteria": {
      "killed_something": "2024-06-02 07:56:15 +0000"
    },
    "done": true
  },
  "valhelsia_furniture:recipes/decorations/white_upholstered_dark_oak_stool": {
    "criteria": {
      "has_white_wool": "2024-06-02 07:56:16 +0000"
    },
    "done": true
  },
  "minecraft:recipes/decorations/white_bed": {
    "criteria": {
      "has_white_wool": "2024-06-02 07:56:16 +0000"
    },
    "done": true
  },
  "valhelsia_furniture:recipes/decorations/white_upholstered_cherry_stool": {
    "criteria": {
      "has_white_wool": "2024-06-02 07:56:16 +0000"
    },
    "done": true
  },
  "valhelsia_furniture:recipes/decorations/white_warped_chair": {
    "criteria": {
      "has_white_wool": "2024-06-02 07:56:16 +0000"
    },
    "done": true
  },
  "born_in_chaos_v1:bornin_chaos": {
    "criteria": {
      "bornin_chaos_0": "2024-06-02 07:55:06 +0000"
    },
    "done": true
  },
  "supplementaries:recipes/flags/flag_white": {
    "criteria": {
      "has_white_wool": "2024-06-02 07:56:16 +0000"
    },
    "done": true
  },
  "iceandfire:recipes/misc/dragon_meal": {
    "criteria": {
      "has_item": "2024-06-02 07:56:16 +0000"
    },
    "done": true
  },
  "valhelsia_furniture:recipes/decorations/white_birch_chair": {
    "criteria": {
      "has_white_wool": "2024-06-02 07:56:16 +0000"
    },
    "done": true
  },
  "majruszsdifficulty:game_stage_normal": {
    "criteria": {
      "is_triggered": "2024-06-02 07:55:06 +0000"
    },
    "done": true
  },
  "minecraft:recipes/decorations/painting": {
    "criteria": {
      "has_wool": "2024-06-02 07:56:16 +0000"
    },
    "done": true
  },
  "valhelsia_furniture:recipes/decorations/white_upholstered_birch_stool": {
    "criteria": {
      "has_white_wool": "2024-06-02 07:56:16 +0000"
    },
    "done": true
  },
  "valhelsia_furniture:recipes/decorations/white_fabric_desk_lamp": {
    "criteria": {
      "has_white_wool": "2024-06-02 07:56:16 +0000"
    },
    "done": true
  },
  "valhelsia_furniture:recipes/decorations/white_upholstered_oak_chair": {
    "criteria": {
      "has_white_wool": "2024-06-02 07:56:16 +0000"
    },
    "done": true
  },
  "valhelsia_furniture:recipes/decorations/white_upholstered_crimson_stool": {
    "criteria": {
      "has_white_wool": "2024-06-02 07:56:16 +0000"
    },
    "done": true
  },
  "eeeabsmobs:eeeabsmobs/root": {
    "criteria": {
      "requirement": "2024-06-02 07:55:06 +0000"
    },
    "done": true
  },
  "minecraft:recipes/decorations/white_carpet": {
    "criteria": {
      "has_white_wool": "2024-06-02 07:56:16 +0000"
    },
    "done": true
  },
  "cataclysm:root": {
    "criteria": {
      "custom_test_name": "2024-06-02 07:55:06 +0000"
    },
    "done": true
  },
  "valhelsia_furniture:recipes/decorations/white_upholstered_crimson_chair": {
    "criteria": {
      "has_white_wool": "2024-06-02 07:56:16 +0000"
    },
    "done": true
  },
  "valhelsia_furniture:recipes/decorations/white_upholstered_jungle_chair": {
    "criteria": {
      "has_white_wool": "2024-06-02 07:56:16 +0000"
    },
    "done": true
  },
  "valhelsia_furniture:recipes/decorations/white_acacia_chair": {
    "criteria": {
      "has_white_wool": "2024-06-02 07:56:16 +0000"
    },
    "done": true
  },
  "valhelsia_furniture:recipes/decorations/white_crimson_chair": {
    "criteria": {
      "has_white_wool": "2024-06-02 07:56:16 +0000"
    },
    "done": true
  },
  "valhelsia_furniture:recipes/decorations/white_upholstered_acacia_chair": {
    "criteria": {
      "has_white_wool": "2024-06-02 07:56:16 +0000"
    },
    "done": true
  },
  "valhelsia_furniture:recipes/decorations/white_upholstered_jungle_stool": {
    "criteria": {
      "has_white_wool": "2024-06-02 07:56:16 +0000"
    },
    "done": true
  },
  "minecraft:recipes/food/cooked_mutton": {
    "criteria": {
      "has_mutton": "2024-06-02 07:56:16 +0000"
    },
    "done": true
  },
  "minecraft:recipes/decorations/white_banner": {
    "criteria": {
      "has_white_wool": "2024-06-02 07:56:16 +0000"
    },
    "done": true
  },
  "valhelsia_furniture:recipes/decorations/white_oak_chair": {
    "criteria": {
      "has_white_wool": "2024-06-02 07:56:16 +0000"
    },
    "done": true
  },
  "valhelsia_furniture:recipes/decorations/white_upholstered_birch_chair": {
    "criteria": {
      "has_white_wool": "2024-06-02 07:56:16 +0000"
    },
    "done": true
  },
  "valhelsia_furniture:recipes/decorations/white_spruce_chair": {
    "criteria": {
      "has_white_wool": "2024-06-02 07:56:16 +0000"
    },
    "done": true
  },
  "minecraft:recipes/food/cooked_mutton_from_campfire_cooking": {
    "criteria": {
      "has_mutton": "2024-06-02 07:56:16 +0000"
    },
    "done": true
  },
  "minecraft:adventure/adventuring_time": {
    "criteria": {
      "minecraft:stony_shore": "2024-06-02 07:55:07 +0000",
      "minecraft:plains": "2024-06-02 07:56:14 +0000"
    },
    "done": false
  },
  "apotheosis:give_book": {
    "criteria": {
      "tick": "2024-06-02 07:55:06 +0000"
    },
    "done": true
  },
  "valhelsia_furniture:recipes/decorations/white_cherry_chair": {
    "criteria": {
      "has_white_wool": "2024-06-02 07:56:16 +0000"
    },
    "done": true
  },
  "DataVersion": 3465
}